{"cameraMode":{"drawMode":0,"name":"Shaded","section":"Shading Mode"},"sceneLighting":true,"audioPlay":false,"sceneViewState":{"m_AlwaysRefresh":false,"showFog":true,"showSkybox":true,"showFlares":true,"showImageEffects":true,"showParticleSystems":true,"showVisualEffectGraphs":true,"m_FxEnabled":true},"in2DMode":false,"pivot":{"x":44.32243347167969,"y":3.578911304473877,"z":-80.26421356201172},"rotation":{"x":0.007483282126486301,"y":0.9979228377342224,"z":-0.0679364949464798,"w":0.0002697812160477042},"size":18.828754425048829,"orthographic":false}