{"cameraMode":{"drawMode":0,"name":"Shaded","section":"Shading Mode"},"sceneLighting":true,"audioPlay":false,"sceneViewState":{"m_AlwaysRefresh":false,"showFog":true,"showSkybox":true,"showFlares":true,"showImageEffects":true,"showParticleSystems":true,"showVisualEffectGraphs":true,"m_FxEnabled":true},"in2DMode":false,"pivot":{"x":101.39945983886719,"y":-3.1655216217041017,"z":38.48896026611328},"rotation":{"x":0.29313474893569949,"y":-0.39041590690612795,"z":0.14094193279743195,"w":0.8618009090423584},"size":20.026714324951173,"orthographic":false}