{"cameraMode":{"drawMode":0,"name":"Shaded","section":"Shading Mode"},"sceneLighting":true,"audioPlay":false,"sceneViewState":{"m_AlwaysRefresh":false,"showFog":true,"showSkybox":true,"showFlares":true,"showImageEffects":true,"showParticleSystems":true,"showVisualEffectGraphs":true,"m_FxEnabled":true},"in2DMode":false,"pivot":{"x":-24.984533309936525,"y":1.6768189668655396,"z":-2.1988682746887209},"rotation":{"x":-0.02901255339384079,"y":-0.7419922351837158,"z":0.032009802758693698,"w":-0.6691119074821472},"size":1.6660642623901368,"orthographic":false}