{"cameraMode":{"drawMode":0,"name":"Shaded","section":"Shading Mode"},"sceneLighting":true,"audioPlay":false,"sceneViewState":{"m_AlwaysRefresh":false,"showFog":true,"showSkybox":true,"showFlares":true,"showImageEffects":true,"showParticleSystems":true,"showVisualEffectGraphs":true,"m_FxEnabled":true},"in2DMode":false,"pivot":{"x":129.04348754882813,"y":-31.359622955322267,"z":139.14303588867188},"rotation":{"x":-0.1788281798362732,"y":-0.06365913152694702,"z":0.003142503323033452,"w":-0.9822244048118591},"size":53.205509185791019,"orthographic":false}